{"ES1K25AAAAA000058": {"ParentDP": "K4Mobility", "Name": "MY-Wanderlust"}, "ES1K35AABAA001303": {"ParentDP": "Marine Data Solutions", "Name": "Abbaventures"}, "ES1K39AABAA001840": {"ParentDP": "Crowley Shipping", "Name": "Admiral"}, "ES1K36AABAA001422": {"ParentDP": "Satlink", "Name": "Albacan"}, "ES1K42AABAA002165": {"ParentDP": "KVH", "Name": "Port Alberni"}, "ES1K2BAABAA000246": {"ParentDP": "YachtSat", "Name": "MY-Alegria"}, "ES1K37AABAA001496": {"ParentDP": "Crowley Shipping", "Name": "Alert"}, "EF1K3AAABAA000159": {"ParentDP": "Satlink", "Name": "Alexia"}, "ES1K3CAABAA001992": {"ParentDP": "KVH", "Name": "RedSea - Andes"}, "ES1K39AABAA001810": {"ParentDP": "Crowley Shipping", "Name": "Apollo"}, "ES1K3BAABAA001929": {"ParentDP": "Charity and Taylor", "Name": "Aquila"}, "ES1K28AAAAA000074": {"ParentDP": "YachtSat", "Name": "MY-Arkadia"}, "ES1K36AABAA001472": {"ParentDP": "Crowley Shipping", "Name": "Artemis"}, "ES1K39AABAA001823": {"ParentDP": "Crowley Shipping", "Name": "Athena"}, "ES1K39AABAA001801": {"ParentDP": "Satlink", "Name": "Super Fast Baleares"}, "ES1K43ACBAA002325": {"ParentDP": "KVH", "Name": "Ipswich Bay"}, "EN1K26ABAAA000084": {"ParentDP": "K4Mobility", "Name": "MY-Beachgirl"}, "EN1K26ABAAA000085": {"ParentDP": "K4Mobility", "Name": "MY-Beachgirl"}, "ES1K39AABAA001786": {"ParentDP": "Satlink", "Name": "Haizea Bost"}, "EF1K39AABAA000129": {"ParentDP": "Satlink", "Name": "Sea Breeze"}, "ES1K2BAACAA000119": {"ParentDP": "Crowley Shipping", "Name": "Breeze"}, "ES1K36AABAA001461": {"ParentDP": "Crowley Shipping", "Name": "Button"}, "EF1K3AAABAA000131": {"ParentDP": "Satlink", "Name": "Chasca"}, "ES1K33AABAA001089": {"ParentDP": "Marine Data Solutions", "Name": "Blue Chip"}, "ES1K41AABAA002050": {"ParentDP": "Radical IT", "Name": "Miss Christine"}, "ES1K37AABAA001558": {"ParentDP": "Crowley Shipping", "Name": "El Coqui"}, "ES1K37AABAA001501": {"ParentDP": "Crowley Shipping", "Name": "Defender"}, "ES1K3CAABAA002017": {"ParentDP": "KVH", "Name": "KsLab-Demo3"}, "ES1K3CAABAA002020": {"ParentDP": "KVH", "Name": "Zong Hong Demo"}, "ES1K43ACBAA002303": {"ParentDP": "KVH", "Name": "KDDI Demo"}, "ES1K37AABAA001533": {"ParentDP": "Crowley Shipping", "Name": "Deneb"}, "ES1K25AAAAA000057": {"ParentDP": "K4-Demo-Test", "Name": "K4-Jared-Desk"}, "ES1K3BAABAA001925": {"ParentDP": "Elcome Europe SL", "Name": "BGP DRAGON"}, "ES1K3CAABAA001990": {"ParentDP": "KVH", "Name": "WTM - Drepanos"}, "SK1K31AABAA002002": {"ParentDP": "BlueTide Communications", "Name": "ALLIANCE-Memphis-EA36"}, "SK1K2BAABAA001052": {"ParentDP": "BlueTide Communications", "Name": "ALLIANCE-Lafayette-EA48"}, "SK1K31AABAA002021": {"ParentDP": "BlueTide Communications", "Name": "GLO-MsRobin-EA53"}, "EF1K3AABBAA000183": {"ParentDP": "BlueTide Communications", "Name": "SERPORT-SanJacincto-EF183"}, "EF1K3AABBAA000194": {"ParentDP": "BlueTide Communications", "Name": "SERPORT-EL84-EF194"}, "ES1K37AABAA001509": {"ParentDP": "Crowley Shipping", "Name": "American Endurance"}, "ES1K34AABAA001191": {"ParentDP": "BlueTide Communications", "Name": "JACKSON-Lightning-ES1191"}, "ES1K34AABAA001194": {"ParentDP": "BlueTide Communications", "Name": "JACKSON-Storm-ES1194"}, "ES1K34AABAA001196": {"ParentDP": "BlueTide Communications", "Name": "JACKSON-Squall-ES1196"}, "ES1K34AABAA001198": {"ParentDP": "BlueTide Communications", "Name": "GUICE-GOSeeker-ES1198"}, "ES1K34AABAA001231": {"ParentDP": "BlueTide Communications", "Name": "JACKSON-Thunder-ES1231"}, "ES1K34AABAA001242": {"ParentDP": "BlueTide Communications", "Name": "GUICE-GOAdventurer-ES1242"}, "ES1K34AABAA001243": {"ParentDP": "BlueTide Communications", "Name": "SEABULK-Brownsville-ES1243"}, "ES1K2AAAAAA000148": {"ParentDP": "BlueTide Communications", "Name": "GUICE-GOPatriot-ES148"}, "ES1K2BAAAAA000161": {"ParentDP": "BlueTide Communications", "Name": "GUICE-GOFreedom-ES161"}, "ES1K2BAAAAA000182": {"ParentDP": "BlueTide Communications", "Name": "GUICE-GOExplorer-ES182"}, "ES1K2BAAAAA000183": {"ParentDP": "BlueTide Communications", "Name": "GUICE-GOCosmos-ES183"}, "ES1K37AABAA001611": {"ParentDP": "Marine Data Solutions", "Name": "Sweet Escape"}, "ES1K36AABAA001465": {"ParentDP": "Crowley Shipping", "Name": "eWolf"}, "ES1K39AABAA001806": {"ParentDP": "Crowley Shipping", "Name": "Potomac Express"}, "ES1K39AABAA001844": {"ParentDP": "Crowley Shipping", "Name": "Delaware Express"}, "ES1K39AABAA001761": {"ParentDP": "KVH", "Name": "STS.FC1"}, "ES1K36AABAA001446": {"ParentDP": "KVH", "Name": "STS.FC2"}, "ES1K37AABAA001648": {"ParentDP": "KVH", "Name": "STS.FC3"}, "ES1K37AABAA001640": {"ParentDP": "KVH", "Name": "STS.FC5"}, "ES1K35AABAA001307": {"ParentDP": "Marine Data Solutions", "Name": "Romeo Foxtrot"}, "ES1K37AABAA001557": {"ParentDP": "Crowley Shipping", "Name": "National Glory"}, "ES1K39AABAA001822": {"ParentDP": "Crowley Shipping", "Name": "Guard"}, "ES1K37AABAA001551": {"ParentDP": "Satlink", "Name": "HaizeaSei"}, "ES1K39AABAA001854": {"ParentDP": "Crowley Shipping", "Name": "Hercules"}, "ES1K32AABAA001038": {"ParentDP": "Radical IT", "Name": "Alessandra III"}, "ES1K3BAABAA001945": {"ParentDP": "Pasha", "Name": "CV-George III"}, "ES1K36AABAA001457": {"ParentDP": "Crowley Shipping", "Name": "Stena Impeccable"}, "ES1K35AABAA001310": {"ParentDP": "Marine Data Solutions", "Name": "Ab Initio"}, "ES1K41AABAA002087": {"ParentDP": "KVH", "Name": "Shelter Island"}, "ES1K42AABAA002121": {"ParentDP": "KVH", "Name": "Gullholmen Island"}, "ES1K42AABAA002249": {"ParentDP": "KVH", "Name": "Grande Island"}, "ES1K43ACBAA002347": {"ParentDP": "KVH", "Name": "Pearl Island"}, "ES1K43ACBAA002376": {"ParentDP": "KVH", "Name": "Chatham Island"}, "EF1K3AAABAA000142": {"ParentDP": "K4Mobility", "Name": "MY-Waves of Joy"}, "ES1K26AAAAA000061": {"ParentDP": "K4Mobility", "Name": "MY-K4DemoOD"}, "ES1K26AAAAA000001": {"ParentDP": "Clarus Networks", "Name": "MY-K4DemoSystem"}, "EF1K39AABAA000113": {"ParentDP": "Radical IT", "Name": "Offshore Lady"}, "ES1K39AABAA001860": {"ParentDP": "Satlink", "Name": "Haizea Lau"}, "ES1K39AABAA001856": {"ParentDP": "Crowley Shipping", "Name": "Leader"}, "ES1K41AABAA002089": {"ParentDP": "KVH", "Name": "Olympia Logger"}, "EF1K39AABAA000116": {"ParentDP": "Satlink", "Name": "Patricia Lynn"}, "ES1K39AABAA001804": {"ParentDP": "Crowley Shipping", "Name": "Master"}, "ES1K2BAABAA000238": {"ParentDP": "YachtSat", "Name": "MY-MyLady"}, "ES1K37AABAA001635": {"ParentDP": "Marine Data Solutions", "Name": "LMC Office"}, "ES1K2AAAAAA000131": {"ParentDP": "KVH", "Name": "MY-Paladin"}, "ES1K33AABAA001113": {"ParentDP": "Crowley Shipping", "Name": "Paradero"}, "ES1K33AABAA001071": {"ParentDP": "Marine Data Solutions", "Name": "Lucky Penny"}, "ES1K37AABAA001499": {"ParentDP": "Crowley Shipping", "Name": "American Pride"}, "ES1K2BAABAA000201": {"ParentDP": "Crowley Shipping", "Name": "Sea Prince"}, "ES1K39AABAA001864": {"ParentDP": "Crowley Shipping", "Name": "Protector"}, "ES1K36AABAA001459": {"ParentDP": "Crowley Shipping", "Name": "Regula"}, "ES1K2BAABAA000209": {"ParentDP": "Crowley Shipping", "Name": "Pacific Reliance"}, "ES1K37AABAA001608": {"ParentDP": "Marine Data Solutions", "Name": "Renaissance"}, "ES1K39AABAA001765": {"ParentDP": "Crowley Shipping", "Name": "Toolik River"}, "ES1K32AABAA001054": {"ParentDP": "Marine Data Solutions", "Name": "Salinate"}, "ES1K36AABAA001436": {"ParentDP": "Satlink", "Name": "Nuevo Salmon"}, "ES1K37AABAA001659": {"ParentDP": "KVH", "Name": "Saron"}, "ES1K35AABAA001305": {"ParentDP": "Marine Data Solutions", "Name": "Sassy"}, "ES1K2BAABAA000211": {"ParentDP": "YachtSat", "Name": "MY-SeaRenity"}, "ES1K36AABAA001466": {"ParentDP": "Satlink", "Name": "Mar de Sergio"}, "ES1K2BAABAA000220": {"ParentDP": "Crowley Shipping", "Name": "Sesok"}, "EF1K3CABBAA000200": {"ParentDP": "KVH", "Name": "WIntermar Demo Set"}, "ES1K2BAACAA000103": {"ParentDP": "Crowley Shipping", "Name": "Siku"}, "NB1K23ADBAA000118": {"ParentDP": "K4Mobility", "Name": "MY-Demo Site"}, "ES1K3CAABAA002011": {"ParentDP": "KVH", "Name": "Aegean Spirit"}, "ES1K3CAABAA002014": {"ParentDP": "KVH", "Name": "Ionian Spirit"}, "ES1K36AABAA001428": {"ParentDP": "Satlink", "Name": "Pacific Star"}, "ES1K36AABAA001400": {"ParentDP": "Crowley Shipping", "Name": "Evergreen State"}, "ES1K37AABAA001498": {"ParentDP": "Crowley Shipping", "Name": "Empire State"}, "ES1K37AABAA001507": {"ParentDP": "Crowley Shipping", "Name": "Garden State"}, "ES1K37AABAA001514": {"ParentDP": "Crowley Shipping", "Name": "Sunshine State"}, "ES1K37AABAA001536": {"ParentDP": "Crowley Shipping", "Name": "Magnolia State"}, "ES1K37AABAA001542": {"ParentDP": "Crowley Shipping", "Name": "Lone Star State"}, "ES1K39AABAA001838": {"ParentDP": "Crowley Shipping", "Name": "Stockham"}, "ES1K37AABAA001543": {"ParentDP": "Crowley Shipping", "Name": "Storm"}, "ES1K37AABAA001500": {"ParentDP": "Crowley Shipping", "Name": "Ocean Sun"}, "ES1K37AABAA001651": {"ParentDP": "KVH", "Name": "STS.SUPPORT1-->SUPPORT3"}, "ES1K39AABAA001817": {"ParentDP": "Crowley Shipping", "Name": "Tanerliq"}, "ES1K24AAAAA000034": {"ParentDP": "YachtSat", "Name": "MY-Tayrona"}, "ES1K39AABAA001762": {"ParentDP": "KVH", "Name": "K4Pro.BKTDEMO-Test1"}, "ES1K39AABAA001826": {"ParentDP": "Crowley Shipping", "Name": "Tucana"}, "ES1K3CAABAA001989": {"ParentDP": "KVH", "Name": "Unitrader"}, "ES1K39AABAA001836": {"ParentDP": "Crowley Shipping", "Name": "Valor"}, "ES1K3BAABAA001896": {"ParentDP": "Clarus Networks", "Name": "Argeo Venture"}, "ES1K39AABAA001859": {"ParentDP": "Satlink", "Name": "JC Victoria"}, "EN1K22ABAAA000079": {"ParentDP": "K4Mobility", "Name": "MY-Vivace"}, "ES1K35AABAA001306": {"ParentDP": "Marine Data Solutions", "Name": "vivere"}, "ES1K35AABAA001302": {"ParentDP": "Marine Data Solutions", "Name": "Tasty Waves"}, "ES1K2BAABAA000222": {"ParentDP": "Crowley Shipping", "Name": "Ocean Wind"}, "ES1K3CAABAA002009": {"ParentDP": "KVH", "Name": "HR FARHA"}, "ES1K32AABAA001046": {"ParentDP": "KognitiveLab", "Name": "Vj-ES-003"}, "ES1K42AABAA002173": {"ParentDP": "KVH", "Name": "Tito Yacht 1"}, "ES1K37AABAA001554": {"ParentDP": "Crowley Shipping", "Name": "Adventurer"}, "ES1K31AABAA001009": {"ParentDP": "Marine Data Solutions", "Name": "Alta"}, "ES1K32AABAA001019": {"ParentDP": "Marine Data Solutions", "Name": "Second Amendment"}, "ES1K32AABAA001026": {"ParentDP": "Marine Data Solutions", "Name": "Aries"}, "ES1K39AABAA001795": {"ParentDP": "Satlink", "Name": "Haizea Bat"}, "ES1K42AABAA002122": {"ParentDP": "KVH", "Name": "Otago Bay"}, "ES1K33AABAA001061": {"ParentDP": "Marine Data Solutions", "Name": "Family Bilt"}, "ES1K39AABAA001787": {"ParentDP": "Crowley Shipping", "Name": "Bobo"}, "ES1K2AAAAAA000144": {"ParentDP": "K4-Demo-Test", "Name": "MY-BryanTest"}, "ES1K32AABAA001039": {"ParentDP": "Radical IT", "Name": "Reef Chief"}, "ES1K31AABAA001008": {"ParentDP": "Marine Data Solutions", "Name": "Crumdale"}, "ES1K33AABAA001066": {"ParentDP": "Marine Data Solutions", "Name": "DayBreak"}, "EF1K41ABBAA000215": {"ParentDP": "KVH", "Name": "DemoFit000215"}, "ES1K39AABAA001775": {"ParentDP": "E Cubed Systems, S.L.", "Name": "Destination"}, "ES1K36AABAA001412": {"ParentDP": "Satlink", "Name": "Albatun dos"}, "ES1K36AABAA001431": {"ParentDP": "Satlink", "Name": "Galerna Dos"}, "ES1K37AABAA001645": {"ParentDP": "Satlink", "Name": "Guayatuna Dos"}, "ES1K33AABAA001104": {"ParentDP": "Marine Data Solutions", "Name": "Eagle"}, "EF1K3AABBAA000176": {"ParentDP": "BlueTide Communications", "Name": "SERPORT-Esparanza-EF176"}, "EF1K3AABBAA000189": {"ParentDP": "BlueTide Communications", "Name": "MARQUETTE-MissCaroline-EF189"}, "EF1K42ABBAA000257": {"ParentDP": "BlueTide Communications", "Name": "HARVEY-Raven-EF257"}, "EF1K43ABCAA000363": {"ParentDP": "BlueTide Communications", "Name": "ALLIANCE-Badger-EF363"}, "ES1K25AAAAA000050": {"ParentDP": "Global Marine", "Name": "MY-Emilia"}, "ES1K34AABAA001184": {"ParentDP": "BlueTide Communications", "Name": "JACKSON-Breeze-ES1184"}, "ES1K2BAAAAA000167": {"ParentDP": "BlueTide Communications", "Name": "SEABULK-GreenCove-ES167"}, "ES1K39AABAA001813": {"ParentDP": "Crowley Shipping", "Name": "Hudson Express"}, "ES1K36AABAA001485": {"ParentDP": "Crowley Shipping", "Name": "American Freedom"}, "ES1K41AABAA002049": {"ParentDP": "Satlink", "Name": "JC Gloria"}, "ES1K35AABAA001298": {"ParentDP": "Marine Data Solutions", "Name": "Hannah"}, "ES1K39AABAA001803": {"ParentDP": "Satlink", "Name": "Haizea Hiru"}, "ES1K36AABAA001478": {"ParentDP": "Crowley Shipping", "Name": "Stena Immaculate"}, "ES1K37AABAA001545": {"ParentDP": "Crowley Shipping", "Name": "Stena Imperative"}, "ES1K25AAAAA000029": {"ParentDP": "KVH", "Name": "MY-IMPROMPTU"}, "ES1K3CAABAA002031": {"ParentDP": "KVH", "Name": "Cooper Island"}, "ES1K42AABAA002123": {"ParentDP": "KVH", "Name": "Penguin Island"}, "ES1K43ACBAA002281": {"ParentDP": "KVH", "Name": "Neptune Island"}, "ES1K43ACBAA002381": {"ParentDP": "KVH", "Name": "Skomer Island"}, "ES1K37AABAA001562": {"ParentDP": "Satlink", "Name": "Jorge_Mario"}, "ES1K37AABAA001555": {"ParentDP": "Satlink", "Name": "Galerna Lau"}, "ES1K32AABAA001030": {"ParentDP": "Marine Data Solutions", "Name": "Good Life"}, "ES1K42AABAA002215": {"ParentDP": "KVH", "Name": "Longview Logger"}, "ES1K39AABAA001850": {"ParentDP": "Crowley Shipping", "Name": "Lopez"}, "ES1K37AABAA001544": {"ParentDP": "Crowley Shipping", "Name": "Lummus"}, "ES1K41AABAA002061": {"ParentDP": "Radical IT", "Name": "MY Sur La Mer"}, "ES1K33AABAA001058": {"ParentDP": "Marine Data Solutions", "Name": "Princess Mila"}, "ES1K32AABAA001047": {"ParentDP": "Radical IT", "Name": "Catching Moments"}, "ES1K2BAABAA000225": {"ParentDP": "Crowley Shipping", "Name": "Nachik"}, "ES1K2BAACAA000089": {"ParentDP": "YachtSat", "Name": "MY-Netto"}, "ES1K33AABAA001082": {"ParentDP": "Radical IT", "Name": "Onika"}, "ES1K39AABAA001832": {"ParentDP": "Crowley Shipping", "Name": "Oregon"}, "ES1K36AABAA001463": {"ParentDP": "Crowley Shipping", "Name": "Patriarch"}, "ES1K37AABAA001512": {"ParentDP": "Crowley Shipping", "Name": "Pennsylvania"}, "ES1K33AABAA001055": {"ParentDP": "Marine Data Solutions", "Name": "Pinguinito"}, "ES1K33AABAA001103": {"ParentDP": "Marine Data Solutions", "Name": "Well Played"}, "ES1K36AABAA001481": {"ParentDP": "Crowley Shipping", "Name": "Stena Polaris"}, "ES1K36AABAA001410": {"ParentDP": "Crowley Shipping", "Name": "Pride"}, "ES1K39AABAA001793": {"ParentDP": "Satlink", "Name": "Albacora Quince"}, "ES1K31AABAA001006": {"ParentDP": "Marine Data Solutions", "Name": "Arms Reach"}, "ES1K36AABAA001470": {"ParentDP": "Crowley Shipping", "Name": "Response"}, "ES1K32AABAA001025": {"ParentDP": "Marine Data Solutions", "Name": "Je Reviens"}, "ES1K32AABAA001037": {"ParentDP": "Radical IT", "Name": "Rochade"}, "ES1K38AABAA001740": {"ParentDP": "KVH", "Name": "Pedro Ship"}, "ES1K37AABAA001552": {"ParentDP": "Crowley Shipping", "Name": "Ocean Sky"}, "ES1K38AABAA001753": {"ParentDP": "KVH", "Name": "Skyler"}, "ES1K36AABAA001409": {"ParentDP": "Crowley Shipping", "Name": "Pelican State"}, "ES1K37AABAA001504": {"ParentDP": "Crowley Shipping", "Name": "Golden State"}, "ES1K36AABAA001458": {"ParentDP": "Crowley Shipping", "Name": "Taino"}, "ES1K41AABAA002065": {"ParentDP": "Radical IT", "Name": "Cerca Trova"}, "ES1K24AAAAA000024": {"ParentDP": "YachtSat", "Name": "MY-Ubiquitous"}, "ES1K36AABAA001445": {"ParentDP": "Satlink", "Name": "Guayatuna Uno"}, "NB3K26AABBA000150": {"ParentDP": "KVH", "Name": "MY-Valinor"}, "ES1K36AABAA001462": {"ParentDP": "Crowley Shipping", "Name": "Vanguard"}, "ES1K33AABAA001106": {"ParentDP": "Marine Data Solutions", "Name": "Venture"}, "ES1K3BAABAA001918": {"ParentDP": "K4Mobility", "Name": "MY-Virtue"}, "ES1K2BAABAA000200": {"ParentDP": "KVH", "Name": "MY-Warbird"}, "EF1K43ABCAA000460": {"ParentDP": "Radical IT", "Name": "Wildcat"}, "ES1K37AABAA001559": {"ParentDP": "Crowley Shipping", "Name": "Williams"}, "ES1K36AABAA001479": {"ParentDP": "Crowley Shipping", "Name": "Achievement"}, "ES1K36AABAA001405": {"ParentDP": "Crowley Shipping", "Name": "Aurora"}, "EN1K23ABAAA000158": {"ParentDP": "Poseidon Marine Electronics", "Name": "MY-Bravina"}, "ES1K36AABAA001468": {"ParentDP": "Crowley Shipping", "Name": "California"}, "ES1K2BAABAA000208": {"ParentDP": "Pasha", "Name": "MV-Marjorie C"}, "ES1K36AABAA001487": {"ParentDP": "Crowley Shipping", "Name": "Courage"}, "SK1K2BAABAA001044": {"ParentDP": "BlueTide Communications", "Name": "ODYSSEA-Gold-EA14"}, "SK1K2BAABAA001053": {"ParentDP": "BlueTide Communications", "Name": "ODYSSEA-Spirit-EA28"}, "SK1K2BAABAA001048": {"ParentDP": "BlueTide Communications", "Name": "ODYSSEA-Baron-EA29"}, "SK1K2AABAAA001033": {"ParentDP": "BlueTide Communications", "Name": "ODYSSEA-Phoenix-EA30"}, "SK1K2AACAAA001036": {"ParentDP": "BlueTide Communications", "Name": "ODYSSEA-Squire-EA32"}, "SK1K31AABAA002004": {"ParentDP": "BlueTide Communications", "Name": "ODYSSEA-Count-EA38"}, "SK1K31AABAA002013": {"ParentDP": "BlueTide Communications", "Name": "ODYSSEA-Valor-EA47"}, "SK1K31AABAA002020": {"ParentDP": "BlueTide Communications", "Name": "ODYSSEA-Courage-EA52"}, "EF1K39AABAA000109": {"ParentDP": "BlueTide Communications", "Name": "MARQUETTE-MissBecky-EF109"}, "EF1K3AABBAA000168": {"ParentDP": "BlueTide Communications", "Name": "MARQUETTE-MissEllieCate-EF168"}, "EF1K3AABBAA000180": {"ParentDP": "BlueTide Communications", "Name": "MARQUETTE-JaceJames-EF180"}, "EF1K3AABBAA000193": {"ParentDP": "BlueTide Communications", "Name": "MARQUETTE-LaylaRenee-EF193"}, "EF1K3AABBAA000195": {"ParentDP": "BlueTide Communications", "Name": "SERPORT-CristyDZ-EF195"}, "EF1K42ABBAA000238": {"ParentDP": "BlueTide Communications", "Name": "SHOREOFFSHORE-DBPerformance-EF238"}, "EF1K43ABCAA000386": {"ParentDP": "BlueTide Communications", "Name": "MARQUETTE-AddiGrace-EF386"}, "EF1K43ABBAA000414": {"ParentDP": "BlueTide Communications", "Name": "CANALBARGE-SusanLStall-EF414"}, "ES1K34AABAA001185": {"ParentDP": "BlueTide Communications", "Name": "JACKSON-Blizzard-ES1185"}, "ES1K34AABAA001197": {"ParentDP": "BlueTide Communications", "Name": "SEABULK-Ohio-ES1197"}, "ES1K34AABAA001213": {"ParentDP": "BlueTide Communications", "Name": "NFE-ReImagine-ES1213"}, "ES1K34AABAA001218": {"ParentDP": "BlueTide Communications", "Name": "SEABULK-Thor-ES1218"}, "ES1K34AABAA001236": {"ParentDP": "BlueTide Communications", "Name": "SEABULK-GreenOcean-ES1236"}, "ES1K34AABAA001239": {"ParentDP": "BlueTide Communications", "Name": "SHOREOFFSHORE-DBThor-ES1239"}, "ES1K34AABAA001251": {"ParentDP": "BlueTide Communications", "Name": "BTC-SASH-Office-ES1251"}, "ES1K2AAAAAA000135": {"ParentDP": "BlueTide Communications", "Name": "USSHIPPING-CorpusChristi-ES135"}, "ES1K2AAAAAA000136": {"ParentDP": "BlueTide Communications", "Name": "ALLIANCE-TritonPatriot-ES136"}, "ES1K2BAAAAA000146": {"ParentDP": "BlueTide Communications", "Name": "SHOREOFFSHORE-DBHulk-ES146"}, "ES1K2AAAAAA000151": {"ParentDP": "BlueTide Communications", "Name": "ALLIANCE-Dallas-ES151"}, "ES1K2BAAAAA000159": {"ParentDP": "BlueTide Communications", "Name": "SEABULK-GreenWave-ES159"}, "ES1K2BAAAAA000165": {"ParentDP": "BlueTide Communications", "Name": "SEABULK-Thunder-ES165"}, "ES1K2BAAAAA000173": {"ParentDP": "BlueTide Communications", "Name": "SEABULK-Independence-ES173"}, "ES1K3BAABAA001914": {"ParentDP": "BlueTide Communications", "Name": "BRICECIVIL-Capt.JohnE.Graham-ES1914"}, "ES1K23AAAAA000037": {"ParentDP": "BlueTide Communications", "Name": "SEABULK-OceanGrand-ES37"}, "ES1K25AAAAA000047": {"ParentDP": "BlueTide Communications", "Name": "SEABULK-Cherokee-ES47"}, "ES1K25AAAAA000049": {"ParentDP": "BlueTide Communications", "Name": "SEABULK-AmericanPhoenix-ES49"}, "ES1K27AAAAA000068": {"ParentDP": "BlueTide Communications", "Name": "USSHIPPING-FreePort-ES68"}, "ES1K27AAAAA000069": {"ParentDP": "BlueTide Communications", "Name": "TECHNIP-OlympicChallenger-ES69"}, "ES1K28AAAAA000072": {"ParentDP": "BlueTide Communications", "Name": "ADRIATIC-Axis-ES72"}, "ES1K35AABAA001324": {"ParentDP": "Marine Data Solutions", "Name": "Homecoming"}, "ES1K32AABAA001020": {"ParentDP": "Marine Data Solutions", "Name": "Nita K II"}, "ES1K37AABAA001508": {"ParentDP": "Crowley Shipping", "Name": "Innovation"}, "ES1K39AABAA001846": {"ParentDP": "Crowley Shipping", "Name": "Integrity"}, "ES1K28AAAAA000120": {"ParentDP": "YachtSat", "Name": "MY-LionessV"}, "ES1K24AAAAA000035": {"ParentDP": "Sat Elite", "Name": "Lazy Me"}, "ES1K36AABAA001475": {"ParentDP": "Crowley Shipping", "Name": "Coastal Reliance"}, "ES1K39AABAA001821": {"ParentDP": "Crowley Shipping", "Name": "Ocean Reliance"}, "ES1K39AABAA001865": {"ParentDP": "Crowley Shipping", "Name": "Sound Reliance"}, "ES1K37AABAA001531": {"ParentDP": "Crowley Shipping", "Name": "Resolve"}, "ES1K2AAAAAA000134": {"ParentDP": "BryanOfficeTest", "Name": "MY-RuksTest"}, "ES1K23AAAAA000006": {"ParentDP": "K4Mobility", "Name": "MY-SeaAxis"}, "ES1K28AAAAA000109": {"ParentDP": "Radical IT", "Name": "TC"}, "ES1K36AABAA001488": {"ParentDP": "Satlink", "Name": "Albatun tres"}, "ES1K36AABAA001414": {"ParentDP": "Satlink", "Name": "Albacora Uno"}, "ES1K39AABAA001824": {"ParentDP": "Crowley Shipping", "Name": "Vision"}, "SK1K2BAACAA001040": {"ParentDP": "BlueTide Communications", "Name": "ODYSSEA-Champion-EA20"}, "SK1K2BAABAA001055": {"ParentDP": "BlueTide Communications", "Name": "ODYSSEA-Defender-EA21"}, "SK1K2AACAAA001035": {"ParentDP": "BlueTide Communications", "Name": "ODYSSEA-Knight-EA31"}, "SK1K31AABAA002009": {"ParentDP": "BlueTide Communications", "Name": "ODYSSEA-Titan-EA43"}, "SK1K31AABAA002011": {"ParentDP": "BlueTide Communications", "Name": "ODYSSEA-Darwin-EA45"}, "EF1K43ABCAA000361": {"ParentDP": "BlueTide Communications", "Name": "KSM-CaptainJack-EF361"}, "ES1K28AAAAA000117": {"ParentDP": "BlueTide Communications", "Name": "SEABULK-OceanGiant-ES117"}, "ES1K34AABAA001208": {"ParentDP": "BlueTide Communications", "Name": "SEABULK-Louisiana-ES1208"}, "ES1K34AABAA001216": {"ParentDP": "BlueTide Communications", "Name": "MAERSK-AllianceStLouis-ES1216"}, "ES1K34AABAA001222": {"ParentDP": "BlueTide Communications", "Name": "SEABULK-Texas-ES1222"}, "ES1K2AAAAAA000137": {"ParentDP": "BlueTide Communications", "Name": "SEABULK-Arctic-ES137"}, "ES1K2AAAAAA000140": {"ParentDP": "BlueTide Communications", "Name": "MAERSK-AllianceNorfolk-ES140"}, "ES1K2AAAAAA000149": {"ParentDP": "BlueTide Communications", "Name": "SEABULK-WestVirginia-ES149"}, "ES1K2BAAAAA000152": {"ParentDP": "BlueTide Communications", "Name": "ALLIANCE-Miami-ES152"}, "ES1K2BAAAAA000163": {"ParentDP": "BlueTide Communications", "Name": "SEABULK-SeaPower-ES163"}, "ES1K2BAAAAA000172": {"ParentDP": "BlueTide Communications", "Name": "SEABULK-Challenge-ES172"}, "ES1K2BAAAAA000185": {"ParentDP": "BlueTide Communications", "Name": "SEABULK-Mariner-ES185"}, "ES1K28AAAAA000075": {"ParentDP": "BlueTide Communications", "Name": "SEABULK-OceanJazz-ES75"}, "ES1K28AAAAA000076": {"ParentDP": "BlueTide Communications", "Name": "SEABULK-OceanFreedom-ES76"}, "ES1K39AABAA001845": {"ParentDP": "Crowley Shipping", "Name": "Sea Reliance"}, "ES1K28AAAAA000122": {"ParentDP": "Pasha", "Name": "CV-Jean Anne"}, "ES1K33AABAA001060": {"ParentDP": "Marine Data Solutions", "Name": "Aquasition"}, "ES1K41AABAA002068": {"ParentDP": "Radical IT", "Name": "MY Artemis"}, "ES1K2BAACAA000202": {"ParentDP": "Radical IT", "Name": "Axis"}, "ES1K32AABAA001044": {"ParentDP": "Radical IT", "Name": "Baca"}, "ES1K25AAAAA000059": {"ParentDP": "YachtSat", "Name": "MY-Berilda"}, "ES1K32AABAA001029": {"ParentDP": "Marine Data Solutions", "Name": "Ellens Dream"}, "ES1K33AABAA001096": {"ParentDP": "Marine Data Solutions", "Name": "Far From It"}, "ES1K41AABAA002052": {"ParentDP": "Radical IT", "Name": "Victoria Del Mar"}, "ES1K2BAACAA000251": {"ParentDP": "YachtSat", "Name": "MY-Penelope"}, "ES1K32AABAA001021": {"ParentDP": "Marine Data Solutions", "Name": "PerNoi"}, "ES1K35AABAA001320": {"ParentDP": "Marine Data Solutions", "Name": "Evelyn P"}, "ES1K32AABAA001043": {"ParentDP": "Radical IT", "Name": "Pipedream"}, "ES1K32AABAA001042": {"ParentDP": "Radical IT", "Name": "Silver Shalis"}, "ES1K35AABAA001332": {"ParentDP": "Marine Data Solutions", "Name": "Morning Star"}, "ES1K39AABAA001764": {"ParentDP": "YachtSat", "Name": "MY-Zuma"}, "ES1K42AABAA002138": {"ParentDP": "Clarus Networks", "Name": "Putford Achates"}, "ES1K42AABAA002168": {"ParentDP": "Clarus Networks", "Name": "Putford Achiever"}, "ES1K34AABAA001146": {"ParentDP": "Clarus Networks", "Name": "Putford Ajax"}, "ES1K42AABAA002195": {"ParentDP": "Clarus Networks", "Name": "Andover"}, "ES1K3BAABAA001940": {"ParentDP": "Clarus Networks", "Name": "Putford Aries"}, "ES1K3BAABAA001938": {"ParentDP": "Clarus Networks", "Name": "Grampian Calgary"}, "ES1K3BAABAA001949": {"ParentDP": "Clarus Networks", "Name": "Grampian Cavalier"}, "ES1K42AABAA002206": {"ParentDP": "Clarus Networks", "Name": "Grampian Citadel"}, "ES1K42AABAA002211": {"ParentDP": "Clarus Networks", "Name": "Grampian Commander"}, "ES1K42AABAA002224": {"ParentDP": "Clarus Networks", "Name": "Grampian Confidence"}, "ES1K3BAABAA001933": {"ParentDP": "Clarus Networks", "Name": "Grampian Conqueror"}, "ES1K3BAABAA001964": {"ParentDP": "Clarus Networks", "Name": "Grampian Conquest"}, "ES1K42AABAA002157": {"ParentDP": "Clarus Networks", "Name": "Grampian Contender"}, "ES1K42AABAA002237": {"ParentDP": "Clarus Networks", "Name": "Grampian Corinthian"}, "ES1K3BAABAA001923": {"ParentDP": "Clarus Networks", "Name": "Grampian Corsair"}, "ES1K3BAABAA001972": {"ParentDP": "Clarus Networks", "Name": "Grampian Courageous"}, "ES1K3BAABAA001952": {"ParentDP": "Clarus Networks", "Name": "Clarus - David"}, "ES1K42AABAA002233": {"ParentDP": "Clarus Networks", "Name": "Grampian Dee"}, "ES1K42AABAA002146": {"ParentDP": "Clarus Networks", "Name": "Putford Defender"}, "ES1K42AABAA002199": {"ParentDP": "Clarus Networks", "Name": "Grampian Defender"}, "ES1K3BAABAA001924": {"ParentDP": "Clarus Networks", "Name": "Grampian Defiance"}, "ES1K3BAABAA001939": {"ParentDP": "Clarus Networks", "Name": "Grampian Deliverance"}, "ES1K34AABAA001155": {"ParentDP": "Clarus Networks", "Name": "Grampian Derwent"}, "ES1K34AABAA001156": {"ParentDP": "Clarus Networks", "Name": "Grampian Derwent"}, "ES1K3BAABAA001968": {"ParentDP": "Clarus Networks", "Name": "Grampian Devotion"}, "ES1K3BAABAA001967": {"ParentDP": "Clarus Networks", "Name": "Grampian Discovery"}, "ES1K42AABAA002163": {"ParentDP": "Clarus Networks", "Name": "Grampian Don"}, "ES1K42AABAA002210": {"ParentDP": "Clarus Networks", "Name": "Grampian Dynamic"}, "ES1K31AABAA001002": {"ParentDP": "Clarus Networks", "Name": "Grampian Dynasty"}, "ES1K3BAABAA001937": {"ParentDP": "Clarus Networks", "Name": "Grampian Endurance"}, "ES1K42AABAA002166": {"ParentDP": "Clarus Networks", "Name": "Grampian Explorer"}, "ES1K38AABAA001736": {"ParentDP": "Charity and Taylor", "Name": "Centrica FCARS"}, "ES1K37AABAA001627": {"ParentDP": "Clarus Networks", "Name": "Energos Force"}, "ES1K3BAABAA001922": {"ParentDP": "Clarus Networks", "Name": "Grampian Fortress"}, "ES1K42AABAA002238": {"ParentDP": "Clarus Networks", "Name": "Grampian Freedom"}, "ES1K42AABAA002243": {"ParentDP": "Clarus Networks", "Name": "Cornwall House"}, "ES1K42AABAA002143": {"ParentDP": "Clarus Networks", "Name": "Putford Jaguar"}, "ES1K39AABAA001797": {"ParentDP": "E Cubed Systems, S.L.", "Name": "Latiko"}, "ES1K32AABAA001022": {"ParentDP": "Marine Data Solutions", "Name": "My Legacy"}, "ES1K43ACBAA002296": {"ParentDP": "Clarus Networks", "Name": "Ocean Marlin Live"}, "ES1K37AABAA001600": {"ParentDP": "Sat Elite", "Name": "Lush"}, "ES1K2BAABAA000235": {"ParentDP": "Sat Elite", "Name": "Crazy Me"}, "ES1K38AABAA001743": {"ParentDP": "KVH", "Name": "MinTest"}, "ES1K42AABAA002145": {"ParentDP": "Clarus Networks", "Name": "OSI"}, "ES1K31AABAA001012": {"ParentDP": "Clarus Networks", "Name": "NSS Office"}, "ES1K42AABAA002161": {"ParentDP": "Clarus Networks", "Name": "Putford Phoenix"}, "ES1K42AABAA002140": {"ParentDP": "Clarus Networks", "Name": "Putford Pride"}, "ES1K37AABAA001637": {"ParentDP": "Clarus Networks", "Name": "Clarus HQ - Pro"}, "ES1K42AABAA002156": {"ParentDP": "Clarus Networks", "Name": "Putford Protector"}, "ES1K42AABAA002245": {"ParentDP": "Clarus Networks", "Name": "Project RWE"}, "ES1K3BAABAA001969": {"ParentDP": "Clarus Networks", "Name": "Grampian Ranger"}, "ES1K2BAABAA000214": {"ParentDP": "YachtSat", "Name": "MY-Rio"}, "ES1K32AABAA001045": {"ParentDP": "YachtSat", "Name": "SY-Rock&Roll"}, "ES1K24AAAAA000028": {"ParentDP": "KVH", "Name": "MY-Roma"}, "ES1K37AABAA001614": {"ParentDP": "Marine Data Solutions", "Name": "Rosehearty"}, "ES1K42AABAA002155": {"ParentDP": "Clarus Networks", "Name": "Putford Saviour"}, "ES1K34AABAA001168": {"ParentDP": "Clarus Networks", "Name": "Argeo Searcher"}, "ES1K3BAABAA001956": {"ParentDP": "Clarus Networks", "Name": "Grampian Sovereign"}, "ES1K3BAABAA001898": {"ParentDP": "Clarus Networks", "Name": "Svend"}, "ES1K2BAAAAA000083": {"ParentDP": "Clarus Networks", "Name": "Grampian Talisker"}, "ES1K3BAABAA001921": {"ParentDP": "Clarus Networks", "Name": "Grampian Talisman"}, "ES1K38AABAA001754": {"ParentDP": "KVH", "Name": "Tania"}, "ES1K36AABAA001440": {"ParentDP": "Clarus Networks", "Name": "Grampian Tees"}, "ES1K36AABAA001454": {"ParentDP": "Clarus Networks", "Name": "Grampian Tees"}, "ES1K42AABAA002144": {"ParentDP": "Clarus Networks", "Name": "Putford Terminator"}, "ES1K42AABAA002252": {"ParentDP": "Clarus Networks", "Name": "Sulmara Trial"}, "ES1K34AABAA001148": {"ParentDP": "Clarus Networks", "Name": "Grampian Tyne"}, "ES1K34AABAA001149": {"ParentDP": "Clarus Networks", "Name": "Grampian Tyne"}, "ES1K43ACBAA002287": {"ParentDP": "Charity and Taylor", "Name": "Glomar Vantage"}, "ES1K42AABAA002132": {"ParentDP": "Clarus Networks", "Name": "Putford Viking"}, "ES1K42AABAA002135": {"ParentDP": "Clarus Networks", "Name": "Putford Voyager"}, "ES1K42AABAA002251": {"ParentDP": "Clarus Networks", "Name": "Benbrack Windfarm"}, "ES1K37AABAA001589": {"ParentDP": "Sat Elite", "Name": "Path backup"}, "ES1K43ACBAA002308": {"ParentDP": "KVH", "Name": "Port Alfred"}, "ES1K41AABAA002058": {"ParentDP": "Radical IT", "Name": "MY Carson"}, "ES1K2BAABAA000240": {"ParentDP": "Marine Data Solutions", "Name": "Neverland"}, "ES1K23AAAAA000040": {"ParentDP": "YachtSat", "Name": "MY-Amanti"}, "ES1K38AABAA001748": {"ParentDP": "KVH", "Name": "STS.BOFFA2"}, "ES1K3CAABAA001985": {"ParentDP": "KVH", "Name": "Ena Wizard - 1"}, "ES1K41AABAA002081": {"ParentDP": "KVH", "Name": "Era Indonesia"}, "ES1K41AABAA002040": {"ParentDP": "KVH", "Name": "Ena Wizard - 2"}, "ES1K37AABAA001588": {"ParentDP": "Pasha", "Name": "CV-George-II"}, "ES1K2BAACAA000254": {"ParentDP": "YachtSat", "Name": "MY-D\u2019Natalin"}, "ES1K24AAAAA000015": {"ParentDP": "K4Mobility", "Name": "MY-FirstVessel"}, "ES1K42AABAA002213": {"ParentDP": "Clarus Networks", "Name": "Energos Igloo"}, "EF1K43ABCAA000340": {"ParentDP": "BlueTide Communications", "Name": "LABORDE-CaptWoodrow-EF340"}, "ES1K3CAABAA002028": {"ParentDP": "KVH", "Name": "BGE - Bitcoin88"}, "ES1K41AABAA002073": {"ParentDP": "KVH", "Name": "Mount Rainier"}, "ES1K37AABAA001556": {"ParentDP": "KognitiveLab", "Name": "Kognitive Ops Team"}, "EF1K3AAABAA000139": {"ParentDP": "BlueTide Communications", "Name": "BTC-EdgeFit-EF139"}, "EN1K25ABAAA000059": {"ParentDP": "K4-Demo-Test", "Name": "MY-BryanTest"}, "EN1K31AAAAA000016": {"ParentDP": "Truminds Software Systems", "Name": "EN-16 on Truminds"}, "ES1K25AAAAA000002": {"ParentDP": "Truminds Software Systems", "Name": "Starlink Setup"}, "ES1K28AAAAA000099": {"ParentDP": "Marine Data Solutions", "Name": "Showroom"}, "ES1K2BAAAAA000166": {"ParentDP": "BlueTide Communications", "Name": "SEABULK-Timothy-ES166"}, "ES1K2BAAAAA000250": {"ParentDP": "Crowley Shipping", "Name": "Ocean Wave"}, "ES1K2BAABAA000221": {"ParentDP": "Marine Data Solutions", "Name": "Gray Cliffs"}, "ES1K2BAABAA000239": {"ParentDP": "Marine Data Solutions", "Name": "Diamond"}, "ES1K31AABAA001003": {"ParentDP": "Marine Data Solutions", "Name": "Kemosabe"}, "ES1K31AABAA001004": {"ParentDP": "Marine Data Solutions", "Name": "awatea"}, "ES1K31AABAA001010": {"ParentDP": "Marine Data Solutions", "Name": "Kefi"}, "ES1K31AABAA001011": {"ParentDP": "Marine Data Solutions", "Name": "Far Niente"}, "ES1K32AABAA001016": {"ParentDP": "Marine Data Solutions", "Name": "Four Aces"}, "ES1K32AABAA001018": {"ParentDP": "Marine Data Solutions", "Name": "Liberty"}, "ES1K32AABAA001034": {"ParentDP": "Marine Data Solutions", "Name": "Friendly Confines"}, "ES1K32AABAA001035": {"ParentDP": "Marine Data Solutions", "Name": "Inspired"}, "ES1K32AABAA001036": {"ParentDP": "Marine Data Solutions", "Name": "R & R"}, "ES1K33AABAA001059": {"ParentDP": "Marine Data Solutions", "Name": "Hyperion"}, "ES1K33AABAA001062": {"ParentDP": "Marine Data Solutions", "Name": "Glory"}, "ES1K33AABAA001067": {"ParentDP": "Marine Data Solutions", "Name": "Serenity"}, "ES1K33AABAA001070": {"ParentDP": "Marine Data Solutions", "Name": "Cassidy Marie"}, "ES1K33AABAA001079": {"ParentDP": "Marine Data Solutions", "Name": "Julie M"}, "ES1K33AABAA001107": {"ParentDP": "Marine Data Solutions", "Name": "W vessel"}, "ES1K33AABAA001109": {"ParentDP": "Marine Data Solutions", "Name": "ILTB"}, "ES1K35AABAA000199": {"ParentDP": "Marine Data Solutions", "Name": "Zenith"}, "ES1K35AABAA001304": {"ParentDP": "Marine Data Solutions", "Name": "SJOVIND"}, "ES1K35AABAA001330": {"ParentDP": "Marine Data Solutions", "Name": "Brandi Wine"}, "ES1K36AABAA001313": {"ParentDP": "YachtSat", "Name": "MY-Bella"}, "ES1K36AABAA001421": {"ParentDP": "Crowley Shipping", "Name": "Commitment"}, "ES1K36AABAA001474": {"ParentDP": "Satlink", "Name": "test Satlink"}, "ES1K37AABAA001494": {"ParentDP": "Crowley Shipping", "Name": "Aveogan"}, "ES1K37AABAA001510": {"ParentDP": "Crowley Shipping", "Name": "Gulf Reliance"}, "ES1K37AABAA001527": {"ParentDP": "Crowley Shipping", "Name": "Legend"}, "ES1K37AABAA001530": {"ParentDP": "Crowley Shipping", "Name": "Florida"}, "ES1K37AABAA001535": {"ParentDP": "Crowley Shipping", "Name": "American Liberty"}, "ES1K37AABAA001553": {"ParentDP": "Crowley Shipping", "Name": "Aware"}, "ES1K37AABAA001560": {"ParentDP": "Crowley Shipping", "Name": "Legacy."}, "ES1K37AABAA001601": {"ParentDP": "Clarus Networks", "Name": "Edda Savanah"}, "ES1K37AABAA001615": {"ParentDP": "Marine Data Solutions", "Name": "Scorpio 2"}, "ES1K37AABAA001623": {"ParentDP": "Marine Data Solutions", "Name": "Shes A 10 TOO"}, "ES1K39AABAA001829": {"ParentDP": "Crowley Shipping", "Name": "Colorado Express"}, "ES1K39AABAA001843": {"ParentDP": "Crowley Shipping", "Name": "Missouri Express"}, "ES1K42AABAA002169": {"ParentDP": "Clarus Networks", "Name": "Office-Test"}, "ES1K42AABAA002182": {"ParentDP": "KVH", "Name": "Mount Aso"}, "EN1K22AAABA000030": {"ParentDP": "Truminds Software Systems", "Name": "GurgaonTest2"}, "ES1K37AABAA001576": {"ParentDP": "Sat Elite", "Name": "Eos"}, "ES1K38AABAA001737": {"ParentDP": "K4Mobility", "Name": "kognitive-az"}, "ES1K3BAABAA001906": {"ParentDP": "Clarus Networks", "Name": "Goelo Enabler"}, "ES1K35AABAA001333": {"ParentDP": "Marine Data Solutions", "Name": "Stone Island"}, "ES1K42AABAA002197": {"ParentDP": "Clarus Networks", "Name": "ODE Tolmount"}, "EN1K26ABAAA000226": {"ParentDP": "K4-Demo-Test", "Name": "MY-BryanTest"}, "ES1K35AABAA001322": {"ParentDP": "Marine Data Solutions", "Name": "YOLO"}, "ES1K42AABAA002221": {"ParentDP": "KVH", "Name": "Osaka Bay"}, "ES1K2AAAAAA000142": {"ParentDP": "BlueTide Communications", "Name": "ALLIANCE-TritonCrusader-ES142"}, "ES1K37AABAA001644": {"ParentDP": "KVH", "Name": "Astakos"}, "ES1K36AABAA001450": {"ParentDP": "KVH", "Name": "BBC Odesa"}, "EF1K41ABBAA000220": {"ParentDP": "KVH", "Name": "Anka Demo Site"}, "ES1K1CAABAA001291": {"ParentDP": "Marine Data Solutions", "Name": "Hera"}, "ES1K37AABAA001625": {"ParentDP": "Marine Data Solutions", "Name": "SeaGlobal Demo"}, "ES1K37AABAA001655": {"ParentDP": "KVH", "Name": "Yu De"}, "ES1K2BAAAAA000169": {"ParentDP": "BlueTide Communications", "Name": "GUICE-GOExpendition-ES169"}, "ES1K3CAABAA002001": {"ParentDP": "KVH", "Name": "HR HERA"}, "ES1K43ACBAA002332": {"ParentDP": "KVH", "Name": "Columbia River"}, "ES1K42AABAA002104": {"ParentDP": "KVH", "Name": "Shark Island"}, "ES1K41AABAA002044": {"ParentDP": "Satlink", "Name": "CFL Hunter"}, "ES1K41AABAA002080": {"ParentDP": "KVH", "Name": "HR HERA"}, "ES1K27AAAAA000055": {"ParentDP": "K4Mobility", "Name": "MY-FirstVessel"}, "ES1K3BAABAA001966": {"ParentDP": "Elcome Europe SL", "Name": "SEVEN CHAMPION"}, "ES1K42AABAA002120": {"ParentDP": "KVH", "Name": "Viikki"}, "ES1K3BAABAA001917": {"ParentDP": "YachtSat", "Name": "MY-Heaven"}, "ES1K37AABAA001638": {"ParentDP": "Satlink", "Name": "Marguel"}, "ES1K3CAABAA002025": {"ParentDP": "Satlink", "Name": "Albacora Cuatro"}, "ES1K39AABAA001858": {"ParentDP": "Crowley Shipping", "Name": "Progress"}, "ES1K26AAAAA000064": {"ParentDP": "BlueTide Communications", "Name": "ALLIANCE-LBGalveston-ES64"}, "ES1K3CAABAA002024": {"ParentDP": "KVH", "Name": "C @ SEA"}, "ES1K42AABAA002124": {"ParentDP": "KVH", "Name": "Orbith Demo Lab E6"}, "EF1K42ABBAA000258": {"ParentDP": "KVH", "Name": "SLS Demo training"}, "ES1K39AABAA001857": {"ParentDP": "Crowley Shipping", "Name": "Jacksonville Lab"}, "ES1K2BAAAAA000158": {"ParentDP": "BlueTide Communications", "Name": "SHOREOFFSHORE-DBPerformance-ES158"}, "ES1K43ACBAA002409": {"ParentDP": "KVH", "Name": "Bonny Island"}, "ES1K36AABAA001418": {"ParentDP": "KVH", "Name": "KsLab-Demo2"}, "ES1K43ACBAA002440": {"ParentDP": "E Cubed Systems, S.L.", "Name": "ICON Connect"}, "ES1K43ACBAA002337": {"ParentDP": "KVH", "Name": "Albatross Island"}, "EF1K43ABCAA000323": {"ParentDP": "KVH", "Name": "Baldu Arna"}, "ES1K37AABAA001658": {"ParentDP": "KVH", "Name": "OceanWebDemo"}, "ES1K2BAABAA000210": {"ParentDP": "YachtSat", "Name": "MY-Lady J"}, "ES1K43ACBAA002414": {"ParentDP": "KVH", "Name": "Kodiak Island"}, "ES1K2BAABAA000213": {"ParentDP": "YachtSat", "Name": "MY-Naia"}, "ES1K43ACBAA002387": {"ParentDP": "KVH", "Name": "A.R.A. LIBERTAD"}, "ES1K42AABAA002110": {"ParentDP": "KVH", "Name": "White Bay"}}